SDUTIL,BasicSocialDistanceUtility
AppModelDerived,SocialDistancDerivingModel
AppModelInferred,SocialDistancInferringModel
AppModelBasic,SocialDistanceBasicModel
ClassifierFactory,SocialDistanceClassifierFactory
SDController,SocialDistanceController
Controller,SocialDistanceController
SDControllerFactory,SocialDistanceControllerFactory
AppModelInterpolation,SocialDistanceInterpolatingModel
AppMainBasic,SocialDistanceMVCBasicMain
AppMainDerived,SocialDistanceMVCDerivingMain
AppMainInferred,SocialDistanceMVCInferringMain
AppMainInterpolation,SocialDistanceMVCInterpolatingMain
SDModelFactory,SocialDistanceModelFactory
SDUTILMain,SocialDistanceUilityTesterMain
SDAppView,SocialDistanceView
SDView,SocialDistanceView
java.beans.PropertyChangeListener,SocialDistanceView
SDViewFactory,SocialDistanceViewFactory
